Date,Open,High,Low,Close,Volume,Open Int
2021-03-23,13069.0,13172.0,12979.0,13006.25,604250,0
2021-03-24,13050.25,13145.25,12784.0,12794.0,626538,0
2021-03-25,12803.0,12859.5,12609.75,12770.5,745797,0
2021-03-26,12799.75,12988.5,12676.25,12966.75,622214,0
2021-03-29,12975.75,13003.0,12807.5,12944.5,574193,0
2021-03-30,12975.0,12984.0,12776.5,12878.25,516408,0
2021-03-31,12894.75,13158.0,12858.25,13089.75,478398,0
2021-04-01,13094.5,13332.5,13090.25,13316.0,436489,0
2021-04-05,13339.0,13615.0,13304.25,13585.5,356725,0
2021-04-06,13603.75,13655.0,13524.25,13570.0,457218,0
2021-04-07,13580.5,13641.0,13512.5,13604.75,434828,0
2021-04-08,13620.75,13789.75,13615.5,13747.75,435060,0
2021-04-09,13786.5,13841.75,13648.25,13829.5,494768,0
2021-04-12,13817.75,13832.25,13732.0,13808.75,453968,0
2021-04-13,13825.0,13994.0,13772.75,13975.75,485938,0
2021-04-14,13977.75,14029.0,13772.75,13798.75,662204,0
2021-04-15,13827.0,14034.25,13789.25,14014.0,524814,0
2021-04-16,14002.0,14059.5,13952.75,14029.5,500612,0
2021-04-19,13989.0,14052.25,13821.0,13897.25,613719,0
2021-04-20,13900.0,13933.75,13719.25,13794.25,606019,0
2021-04-21,13740.0,13926.5,13700.5,13919.25,510093,0
2021-04-22,13896.5,13944.75,13701.75,13750.25,623942,0
2021-04-23,13757.0,13981.0,13737.0,13927.0,450885,0
2021-04-26,13919.75,14039.25,13865.5,14011.5,403664,0
2021-04-27,14024.75,14050.0,13912.5,13953.0,412801,0
2021-04-28,13955.5,13993.5,13878.0,13892.25,501596,0
2021-04-29,13973.5,14064.0,13818.5,13953.5,595555,0
2021-04-30,13948.25,13956.75,13819.75,13850.0,555237,0
2021-05-03,13880.25,13947.5,13772.0,13790.0,473913,0
2021-05-04,13785.0,13792.5,13380.75,13536.0,667316,0
2021-05-05,13525.75,13665.5,13462.75,13491.0,520694,0
2021-05-06,13484.0,13611.5,13388.75,13597.75,567452,0
2021-05-07,13614.5,13818.0,13588.25,13709.75,550632,0
2021-05-10,13718.0,13752.0,13305.5,13356.75,603725,0
2021-05-11,13316.5,13375.75,13065.25,13346.0,787639,0
2021-05-12,13321.25,13351.75,12959.75,12998.5,760916,0
2021-05-13,12968.75,13223.75,12915.0,13100.25,727348,0
2021-05-14,13095.0,13426.25,13071.0,13387.0,468758,0
2021-05-17,13380.25,13448.5,13182.75,13303.5,488299,0
2021-05-18,13308.5,13432.25,13178.5,13212.0,442088,0
2021-05-19,13182.0,13243.0,12954.25,13233.5,669351,0
2021-05-20,13220.5,13522.75,13150.75,13486.5,465782,0
2021-05-21,13492.5,13570.0,13395.75,13405.0,457735,0
2021-05-24,13383.25,13686.0,13356.5,13635.25,368611,0
2021-05-25,13656.5,13738.75,13606.75,13656.25,436157,0
2021-05-26,13670.25,13728.5,13656.0,13700.25,343069,0
2021-05-27,13702.5,13720.75,13620.25,13665.5,388603,0
2021-05-28,13694.75,13763.5,13662.75,13686.5,366218,0
2021-06-01,13699.0,13773.0,13592.25,13648.75,448000,0
2021-06-02,13653.25,13712.75,13603.25,13673.75,371449,0
2021-06-03,13679.5,13707.75,13462.25,13529.25,552987,0
2021-06-04,13531.75,13783.75,13467.75,13766.75,446994,0
2021-06-07,13773.25,13824.0,13691.5,13804.25,397545,0
2021-06-08,13823.0,13917.25,13741.75,13811.5,482546,0
2021-06-09,13813.0,13904.25,13803.5,13814.25,376893,0
2021-06-10,13817.0,13976.5,13726.0,13959.75,492336,0
2021-06-11,13975.5,13997.75,13932.25,13994.25,257733,0
2021-06-14,13999.0,14133.5,13965.25,14124.75,229733,0
2021-06-15,14119.5,14163.0,14009.25,14030.25,178164,0
2021-06-16,14046.75,14103.75,13840.0,13981.25,124322,0
2021-06-17,13948.5,14217.75,13850.25,14165.5,113875,0
2021-06-18,14183.75,14214.25,14063.5,14107.4296875,575363,0
2021-06-21,14022.75,14144.0,13958.5,14130.0,503663,0
2021-06-22,14136.75,14279.25,14066.5,14258.25,420968,0
2021-06-23,14274.0,14315.75,14231.75,14263.0,366489,0
2021-06-24,14275.25,14422.0,14270.0,14354.25,409864,0
2021-06-25,14365.75,14394.25,14313.25,14339.0,379758,0
2021-06-28,14350.0,14519.75,14333.25,14512.5,376860,0
2021-06-29,14504.5,14584.75,14468.75,14563.0,360169,0
2021-06-30,14584.75,14598.5,14518.25,14549.0,384458,0
2021-07-01,14558.5,14606.25,14471.0,14548.5,436419,0
2021-07-02,14543.75,14729.0,14513.25,14713.75,392168,0
2021-07-06,14704.25,14790.0,14625.25,14775.5,557682,0
2021-07-07,14764.5,14883.75,14726.25,14802.25,471450,0
2021-07-08,14812.0,14822.0,14540.5,14712.25,631207,0
2021-07-09,14710.25,14832.0,14640.75,14810.5,424770,0
2021-07-12,14824.0,14888.5,14785.0,14869.25,362608,0
2021-07-13,14880.0,14994.75,14794.5,14865.0,506392,0
2021-07-14,14869.75,14996.0,14841.25,14891.75,499191,0
2021-07-15,14895.0,14962.75,14708.25,14787.5,634785,0
2021-07-16,14778.5,14869.5,14656.0,14670.5,539012,0
2021-07-19,14675.0,14682.5,14445.0,14540.75,720291,0
2021-07-20,14593.75,14782.5,14516.75,14722.75,529359,0
2021-07-21,14729.75,14839.5,14668.25,14827.75,404345,0
2021-07-22,14836.75,14982.75,14826.75,14928.5,425426,0
2021-07-23,14979.5,15117.25,14934.25,15098.0,449261,0
2021-07-26,15098.0,15134.0,15038.75,15117.75,391517,0
2021-07-27,15125.25,15131.5,14774.25,14947.75,671793,0
2021-07-28,14875.75,15074.5,14866.0,15011.5,577186,0
2021-07-29,14984.75,15084.0,14905.0,15037.75,412593,0
2021-07-30,14905.25,14980.0,14811.25,14955.75,505630,0
2021-08-02,14972.75,15056.25,14932.25,14952.75,446142,0
2021-08-03,14962.25,15050.0,14849.0,15046.25,520377,0
2021-08-04,15038.0,15108.0,14997.0,15073.5,445703,0
2021-08-05,15081.75,15172.5,15069.25,15167.75,341554,0
2021-08-06,15167.75,15169.75,15047.25,15095.5,425074,0
2021-08-09,15090.25,15145.5,15003.25,15125.25,361388,0
2021-08-10,15128.75,15157.25,14994.5,15044.5,475298,0
2021-08-11,15045.0,15119.0,14963.0,15019.5,479700,0
2021-08-12,15008.5,15090.5,14941.25,15078.5,384239,0
2021-08-13,15079.75,15141.75,15055.25,15125.75,364520,0
2021-08-16,15119.25,15139.0,14917.25,15134.0,590789,0
2021-08-17,15131.5,15133.75,14897.0,14997.5,687897,0
2021-08-18,14970.25,15037.25,14806.5,14849.25,568846,0
2021-08-19,14840.0,14999.0,14710.5,14928.0,734184,0
2021-08-20,14943.25,15100.0,14851.0,15086.75,504460,0
2021-08-23,15090.0,15337.5,15086.5,15304.5,412591,0
2021-08-24,15327.0,15384.0,15309.5,15355.5,365577,0
2021-08-25,15362.25,15397.0,15333.0,15364.25,405227,0
2021-08-26,15367.25,15368.25,15255.25,15274.75,564382,0
2021-08-27,15286.0,15443.75,15265.5,15426.5,441045,0
2021-08-30,15432.75,15617.75,15420.0,15597.5,417563,0
2021-08-31,15605.5,15677.25,15517.75,15582.5,521129,0
2021-09-01,15599.5,15699.0,15578.5,15609.25,465488,0
2021-09-02,15610.0,15682.0,15551.75,15601.0,463636,0
2021-09-03,15601.0,15677.5,15552.25,15651.5,462870,0
2021-09-07,15656.0,15708.75,15606.75,15674.75,542055,0
2021-09-08,15671.0,15691.0,15523.75,15620.0,559402,0
2021-09-09,15610.0,15675.75,15545.75,15558.75,531288,0
2021-09-10,15561.0,15668.0,15433.5,15441.5,402816,0
2021-09-13,15452.5,15565.0,15350.25,15436.75,363283,0
2021-09-14,15452.25,15530.75,15351.25,15387.0,237816,0
2021-09-15,15395.5,15521.75,15315.25,15504.0,156770,0
2021-09-16,15516.5,15542.0,15369.5,15517.75,105428,0
2021-09-17,15502.75,15547.0,15474.0,15486.669921875,641864,0
2021-09-20,15284.0,15338.25,14807.5,15009.5,845911,0
2021-09-21,14992.0,15163.25,14963.25,15024.0,659780,0
2021-09-22,14992.75,15227.0,14930.5,15163.5,601005,0
2021-09-23,15178.25,15347.0,15175.25,15303.5,514535,0
2021-09-24,15300.25,15334.25,15176.75,15318.75,470511,0
2021-09-27,15319.0,15399.25,15084.0,15194.75,543381,0
2021-09-28,15172.25,15192.25,14740.75,14764.75,836785,0
2021-09-29,14769.25,14926.0,14711.0,14739.75,649554,0
2021-09-30,14769.75,14883.5,14670.25,14682.5,699372,0
2021-10-01,14702.25,14818.0,14537.0,14761.75,663413,0
2021-10-04,14785.0,14835.0,14367.75,14462.25,802849,0
2021-10-05,14493.75,14754.75,14410.5,14655.25,574640,0
2021-10-06,14662.0,14770.0,14422.5,14759.0,756883,0
2021-10-07,14768.0,15001.25,14767.0,14881.25,492756,0
2021-10-08,14891.25,14996.0,14790.75,14808.25,550607,0
2021-10-11,14810.25,14897.25,14677.0,14700.5,510490,0
2021-10-12,14688.5,14783.25,14585.5,14653.25,599367,0
2021-10-13,14594.0,14795.75,14591.0,14764.25,556059,0
2021-10-14,14770.25,15071.5,14767.5,15037.25,425055,0
2021-10-15,15063.75,15145.0,15020.75,15134.5,442893,0
2021-10-18,15145.0,15297.25,15038.75,15290.5,423424,0
2021-10-19,15289.75,15428.25,15269.0,15398.5,384792,0
2021-10-20,15411.0,15446.5,15319.0,15377.5,451735,0
2021-10-21,15357.5,15483.75,15301.0,15478.75,436644,0
2021-10-22,15383.0,15463.5,15273.75,15341.0,545390,0
2021-10-25,15324.25,15546.0,15295.75,15495.75,456009,0
2021-10-26,15543.0,15701.0,15503.0,15545.0,586099,0
2021-10-27,15532.25,15717.5,15507.25,15587.25,534474,0
2021-10-28,15595.0,15777.0,15591.75,15764.75,498210,0
2021-10-29,15679.75,15864.75,15595.5,15838.5,484693,0
2021-11-01,15885.25,15914.75,15768.5,15894.25,411507,0
2021-11-02,15891.0,15980.25,15849.5,15961.25,418550,0
2021-11-03,15957.75,16145.75,15935.25,16129.75,448135,0
2021-11-04,16129.5,16376.0,16129.5,16330.75,524361,0
2021-11-05,16335.0,16448.5,16292.0,16351.75,525824,0
2021-11-08,16293.0,16394.0,16256.0,16327.75,414326,0
2021-11-09,16315.5,16391.75,16160.0,16212.75,560749,0
2021-11-10,16201.25,16243.0,15896.5,15980.5,658266,0
2021-11-11,15989.0,16114.0,15976.0,16022.75,434778,0
2021-11-12,16043.75,16213.25,16001.75,16192.75,422493,0
2021-11-15,16212.25,16276.5,16082.25,16187.75,483873,0
2021-11-16,16198.5,16323.75,16142.0,16300.75,424380,0
2021-11-17,16297.75,16396.5,16270.0,16311.5,455992,0
2021-11-18,16322.5,16508.0,16303.5,16481.25,602241,0
2021-11-19,16503.25,16628.5,16490.25,16575.0,549031,0
2021-11-22,16600.25,16767.5,16364.5,16382.0,770668,0
2021-11-23,16399.0,16418.75,16118.5,16312.0,901449,0
2021-11-24,16300.25,16368.5,16102.0,16366.0,656267,0
2021-11-26,16360.0,16436.0,15988.0,16051.0,680753,0
2021-11-29,16046.5,16437.75,16038.0,16390.75,597936,0
2021-11-30,16419.0,16456.25,16068.75,16150.5,854651,0
2021-12-01,16238.75,16427.5,15825.25,15869.75,861888,0
2021-12-02,15891.75,16066.25,15762.75,15988.5,853707,0
2021-12-03,16020.0,16121.75,15538.0,15717.75,898849,0
2021-12-06,15716.25,15897.25,15559.25,15842.75,695515,0
2021-12-07,15848.75,16374.5,15824.5,16318.0,594627,0
2021-12-08,16360.5,16436.75,16251.5,16392.25,494849,0
2021-12-09,16380.5,16420.0,16120.25,16148.75,612576,0
2021-12-10,16158.5,16335.75,16133.75,16329.75,395288,0
2021-12-13,16321.75,16411.25,16064.25,16082.0,286177,0
2021-12-14,16085.0,16133.75,15738.5,15924.75,274758,0
2021-12-15,15928.5,16302.5,15744.5,16288.0,161710,0
2021-12-16,16288.5,16459.25,15800.25,15870.5,143255,0
2021-12-17,15873.0,15902.0,15668.0,15717.3203125,800579,0
2021-12-20,15809.5,15851.75,15492.0,15621.25,676197,0
2021-12-21,15674.25,15987.25,15605.0,15980.0,530228,0
2021-12-22,15979.0,16183.0,15881.5,16169.75,476670,0
2021-12-23,16180.0,16356.0,16145.25,16299.0,349182,0
2021-12-27,16304.25,16580.75,16304.25,16560.0,351308,0
2021-12-28,16565.75,16659.5,16452.25,16488.0,454633,0
2021-12-29,16513.5,16564.25,16387.5,16490.5,354985,0
2021-12-30,16484.5,16567.5,16411.25,16430.25,304259,0
2021-12-31,16431.0,16464.0,16313.75,16320.75,363720,0
2022-01-03,16356.0,16508.0,16292.0,16485.5,513549,0
2022-01-04,16497.75,16564.0,16139.5,16275.75,669527,0
2022-01-05,16265.0,16269.0,15752.75,15766.5,769790,0
2022-01-06,15763.75,15895.75,15598.5,15759.0,802950,0
2022-01-07,15801.75,15852.75,15510.0,15581.0,704406,0
2022-01-10,15590.0,15669.0,15152.5,15608.0,888780,0
2022-01-11,15622.25,15839.5,15475.0,15831.0,709363,0
2022-01-12,15826.0,16009.25,15762.5,15887.25,671265,0
2022-01-13,15901.0,15979.75,15458.25,15490.25,763018,0
2022-01-14,15505.0,15621.0,15312.5,15595.75,795897,0
2022-01-18,15616.75,15653.25,15170.75,15206.0,868066,0
2022-01-19,15238.75,15372.0,15011.25,15033.5,776612,0
2022-01-20,15042.25,15340.25,14646.75,14841.0,771410,0
2022-01-21,14722.0,14858.5,14408.5,14426.5,1041723,0
2022-01-24,14410.0,14582.0,13706.0,14501.0,1323080,0
2022-01-25,14495.0,14499.0,13890.0,14140.75,957800,0
2022-01-26,13945.5,14639.75,13945.5,14158.5,908549,0
2022-01-27,14194.0,14409.25,13844.5,13986.75,866647,0
2022-01-28,14167.75,14442.0,13831.0,14433.0,878243,0
2022-01-31,14454.0,14914.75,14353.25,14905.0,654278,0
2022-02-01,14868.75,15137.0,14729.25,14994.75,597305,0
2022-02-02,15129.0,15260.0,14825.0,15114.5,645396,0
2022-02-03,14852.5,14870.0,14456.25,14492.25,731581,0
2022-02-04,14770.0,14825.75,14362.75,14685.5,763735,0
2022-02-07,14682.5,14806.25,14511.5,14559.75,562312,0
2022-02-08,14600.0,14776.0,14467.5,14734.5,611858,0
2022-02-09,14746.25,15068.0,14741.0,15038.25,529886,0
2022-02-10,15062.25,15062.25,14622.0,14701.0,834478,0
2022-02-11,14698.25,14766.75,14181.0,14240.5,835981,0
2022-02-14,14250.0,14394.0,14031.0,14253.0,734224,0
2022-02-15,14257.0,14614.75,14223.25,14609.5,558472,0
2022-02-16,14588.0,14668.5,14381.0,14600.0,594304,0
2022-02-17,14592.25,14619.5,14131.5,14164.75,631084,0
2022-02-18,14156.25,14299.0,13906.25,13996.0,760914,0
2022-02-22,13952.75,14157.5,13580.25,13862.75,1114720,0
2022-02-23,13928.25,14068.75,13471.25,13507.5,713187,0
2022-02-24,13484.25,13983.25,13025.75,13966.5,1122732,0
2022-02-25,13909.5,14196.25,13760.25,14180.5,784997,0
2022-02-28,13900.25,14292.25,13683.0,14228.0,753711,0
2022-03-01,14219.25,14327.75,13900.0,14005.5,645171,0
2022-03-02,14026.25,14290.0,13911.5,14239.25,629022,0
2022-03-03,14196.5,14391.0,13955.0,14030.5,596925,0
2022-03-04,14069.25,14086.5,13733.75,13839.75,725774,0
2022-03-07,13763.5,13879.75,13265.0,13320.75,717846,0
2022-03-08,13283.0,13666.0,13103.25,13267.0,841407,0
2022-03-09,13192.25,13821.75,13189.75,13734.75,650826,0
2022-03-10,13778.0,13778.0,13396.25,13586.0,611077,0
2022-03-11,13577.25,13860.75,13281.75,13292.0,439890,0
2022-03-14,13362.0,13447.5,13015.5,13045.5,402608,0
2022-03-15,13082.0,13489.0,12944.0,13451.75,284955,0
2022-03-16,13451.75,14029.25,13420.5,13953.0,274498,0
2022-03-17,13999.0,14136.25,13822.75,14111.75,125160,0
2022-03-18,14060.0,14095.3095703125,13970.5,14095.3095703125,558776,0
2022-03-21,14404.0,14466.75,14183.75,14370.5,589629,0
2022-03-22,14390.0,14690.75,14293.5,14654.0,509918,0
2022-03-23,14654.0,14682.25,14441.0,14447.0,555130,0
2022-03-24,14462.75,14769.75,14433.5,14763.75,512267,0
2022-03-25,14765.0,14840.5,14572.5,14755.75,553931,0
2022-03-28,14756.0,14997.0,14658.75,14985.25,532125,0
2022-03-29,14981.0,15268.75,14956.5,15237.75,552951,0
2022-03-30,15222.0,15262.25,15012.25,15071.5,513516,0
2022-03-31,15100.5,15180.75,14855.5,14868.75,560785,0
2022-04-01,14918.75,14960.0,14725.0,14863.75,539029,0
2022-04-04,14846.0,15174.5,14801.0,15164.25,460171,0
2022-04-05,15155.5,15198.0,14780.25,14828.0,563198,0
2022-04-06,14861.0,14861.25,14394.75,14505.25,783213,0
2022-04-07,14496.25,14633.75,14317.0,14536.0,645737,0
2022-04-08,14536.25,14642.25,14310.5,14327.0,640156,0
2022-04-11,14345.0,14382.0,13984.75,14000.0,577477,0
2022-04-12,14006.25,14284.25,13881.25,13945.0,704351,0
2022-04-13,13952.75,14266.5,13921.0,14221.5,530164,0
2022-04-14,14211.5,14296.25,13876.5,13893.75,548400,0
2022-04-18,13892.0,14002.5,13729.5,13907.75,492103,0
2022-04-19,13962.75,14242.0,13828.0,14217.25,556357,0
2022-04-20,14104.75,14298.0,13956.5,14004.75,604344,0
2022-04-21,14070.0,14283.0,13667.5,13728.25,685788,0
2022-04-22,13720.0,13781.0,13297.0,13353.5,732255,0
2022-04-25,13334.25,13549.75,13184.0,13535.75,749649,0
2022-04-26,13523.5,13583.75,12801.5,13016.0,755330,0
2022-04-27,12881.0,13255.25,12878.25,13009.0,817196,0
2022-04-28,13191.0,13542.0,13033.0,13454.75,756360,0
2022-04-29,13219.5,13433.0,12831.75,12852.0,723386,0
2022-05-02,12892.25,13084.5,12709.75,13073.0,763818,0
2022-05-03,13051.75,13183.75,12968.5,13087.5,662216,0
2022-05-04,13121.0,13555.25,12883.0,13531.25,703191,0
2022-05-05,13500.25,13548.0,12705.25,12858.0,877795,0
2022-05-06,12883.25,12928.75,12519.0,12695.75,852234,0
2022-05-09,12605.0,12637.25,12135.25,12193.75,816033,0
2022-05-10,12206.0,12547.0,12102.25,12349.0,853859,0
2022-05-11,12328.75,12553.25,11938.5,11969.75,865890,0
2022-05-12,12004.5,12132.75,11689.0,11947.25,878238,0
2022-05-13,11891.5,12432.0,11891.5,12382.75,663517,0
2022-05-16,12409.0,12498.75,12190.25,12244.75,623715,0
2022-05-17,12235.5,12578.0,12234.0,12560.25,653222,0
2022-05-18,12572.0,12594.0,11862.75,11935.5,735386,0
2022-05-19,11907.0,12076.75,11704.0,11878.25,827741,0
2022-05-20,11898.0,12096.75,11491.25,11840.75,806781,0
2022-05-23,11866.0,12075.5,11783.75,12035.25,660213,0
2022-05-24,11915.0,11918.0,11576.25,11771.0,717429,0
2022-05-25,11808.0,12036.0,11672.0,11942.25,671096,0
2022-05-26,11887.5,12343.0,11848.25,12279.25,611884,0
2022-05-27,12250.0,12720.25,12222.0,12677.75,615992,0
2022-05-31,12705.25,12883.0,12480.0,12646.5,832388,0
2022-06-01,12662.5,12823.5,12454.75,12551.0,682211,0
2022-06-02,12549.75,12903.75,12442.5,12893.75,620008,0
2022-06-03,12896.0,12945.25,12503.0,12551.0,652955,0
2022-06-06,12549.75,12810.0,12527.0,12605.0,536936,0
2022-06-07,12605.25,12740.25,12412.5,12711.5,577970,0
2022-06-08,12680.5,12783.0,12579.25,12615.75,583652,0
2022-06-09,12625.0,12726.0,12255.25,12275.0,690155,0
2022-06-10,12301.5,12338.75,11823.0,11840.0,617395,0
2022-06-13,11768.0,11772.5,11254.5,11296.5,530220,0
2022-06-14,11334.25,11505.5,11205.0,11314.25,378134,0
2022-06-15,11329.75,11759.25,11327.75,11593.75,265812,0
2022-06-16,11608.5,11737.75,11036.75,11124.75,146538,0
2022-06-17,11178.5,11290.0,11130.25,11130.3896484375,731831,0
2022-06-21,11332.5,11678.25,11273.75,11577.25,657209,0
2022-06-22,11579.75,11745.75,11320.5,11565.75,638960,0
2022-06-23,11542.75,11766.75,11460.5,11737.5,630125,0
2022-06-24,11687.75,12148.5,11684.75,12140.5,563303,0
2022-06-27,12137.5,12262.0,11994.25,12040.5,565803,0
2022-06-28,12076.25,12174.25,11661.5,11674.25,634694,0
2022-06-29,11680.5,11749.0,11564.5,11691.0,590173,0
2022-06-30,11691.5,11696.75,11351.0,11529.5,738071,0
2022-07-01,11507.5,11629.75,11381.75,11611.25,605401,0
2022-07-05,11606.0,11815.75,11389.25,11808.5,790937,0
2022-07-06,11820.25,11974.25,11727.75,11880.25,649912,0
2022-07-07,11901.25,12168.5,11836.5,12138.5,550463,0
2022-07-08,12115.0,12211.0,11952.5,12152.0,640445,0
2022-07-11,12149.75,12149.75,11853.0,11884.25,578336,0
2022-07-12,11900.5,12025.5,11712.0,11779.0,607949,0
2022-07-13,11780.0,11970.0,11479.25,11762.25,732270,0
2022-07-14,11729.5,11835.0,11511.25,11797.5,654560,0
2022-07-15,11810.5,12021.5,11740.25,12007.5,560980,0
2022-07-18,12043.5,12186.5,11857.0,11907.0,553676,0
2022-07-19,11909.5,12328.5,11889.5,12274.0,585591,0
2022-07-20,12330.5,12517.5,12235.75,12465.25,643607,0
2022-07-21,12440.0,12655.25,12373.5,12640.0,605066,0
2022-07-22,12559.25,12698.5,12343.75,12423.5,634548,0
2022-07-25,12444.5,12498.5,12266.5,12354.5,491612,0
2022-07-26,12311.25,12334.0,12072.0,12112.5,536287,0
2022-07-27,12192.0,12690.0,12191.75,12619.0,634889,0
2022-07-28,12580.0,12948.0,12449.0,12737.5,645261,0
2022-07-29,12920.25,13012.0,12744.25,12971.5,592416,0
2022-08-01,12981.0,13108.75,12851.75,12962.5,622511,0
2022-08-02,12974.25,13097.0,12814.75,12924.5,674564,0
2022-08-03,12921.0,13310.25,12867.25,13271.5,690056,0
2022-08-04,13247.0,13356.0,13184.75,13327.0,542680,0
2022-08-05,13327.25,13384.5,13085.0,13228.75,687792,0
2022-08-08,13227.75,13419.25,13120.5,13183.25,597182,0
2022-08-09,13206.25,13233.75,12963.25,13031.5,553704,0
2022-08-10,13050.0,13408.0,12982.0,13392.0,602069,0
2022-08-11,13380.5,13575.0,13285.0,13311.25,614816,0
2022-08-12,13344.25,13583.25,13312.0,13577.75,500647,0
2022-08-15,13571.5,13706.0,13495.25,13681.25,463768,0
2022-08-16,13674.75,13740.75,13522.75,13658.25,555979,0
2022-08-17,13658.0,13672.0,13406.25,13493.25,610667,0
2022-08-18,13503.0,13575.5,13410.75,13523.25,530513,0
2022-08-19,13534.25,13534.5,13228.75,13268.5,618758,0
2022-08-22,13226.5,13226.5,12874.5,12909.75,599946,0
2022-08-23,12933.75,13018.5,12823.5,12896.5,570278,0
2022-08-24,12892.0,13011.25,12825.75,12929.75,503227,0
2022-08-25,12944.0,13161.5,12925.0,13156.0,543666,0
2022-08-26,13153.75,13220.0,12557.5,12620.5,753862,0
2022-08-29,12485.0,12610.25,12401.5,12492.75,693093,0
2022-08-30,12503.5,12658.25,12247.5,12358.75,797462,0
2022-08-31,12366.0,12513.0,12276.25,12285.25,672068,0
2022-09-01,12284.75,12299.5,12017.75,12292.25,820606,0
2022-09-02,12297.75,12461.5,12040.25,12104.25,835870,0
2022-09-06,12110.5,12244.5,11930.0,12019.0,895450,0
2022-09-07,12019.75,12306.25,11921.5,12263.25,677159,0
2022-09-08,12267.75,12379.5,12115.75,12321.75,737024,0
2022-09-09,12345.25,12613.75,12329.5,12592.5,535984,0
2022-09-12,12626.0,12773.75,12573.25,12740.75,444255,0
2022-09-13,12769.5,12889.0,12003.25,12036.5,463841,0
2022-09-14,12050.25,12173.0,12001.75,12142.0,270232,0
2022-09-15,12159.0,12187.75,11866.5,11934.75,169928,0
2022-09-16,11880.0,11880.0,11750.5,11814.580078125,754923,0
2022-09-19,11920.0,12066.25,11792.25,12024.0,632663,0
2022-09-20,12045.75,12092.5,11828.25,11922.25,704882,0
2022-09-21,11946.0,12140.5,11647.5,11710.0,822965,0
2022-09-22,11661.25,11796.0,11510.0,11565.5,786180,0
2022-09-23,11583.75,11600.25,11229.0,11376.75,799378,0
2022-09-26,11362.5,11537.75,11256.5,11316.25,809853,0
2022-09-27,11315.5,11568.25,11233.5,11333.75,841073,0
2022-09-28,11361.0,11613.5,11141.5,11555.75,897742,0
2022-09-29,11544.0,11567.25,11091.5,11228.25,891823,0
2022-09-30,11220.0,11357.25,11024.25,11035.5,878168,0
2022-10-03,11030.0,11358.25,10890.75,11285.75,757581,0
2022-10-04,11314.5,11675.0,11281.5,11640.75,772885,0
2022-10-05,11630.25,11711.0,11366.5,11623.75,700889,0
2022-10-06,11628.0,11729.75,11505.25,11541.75,773914,0
2022-10-07,11494.5,11564.5,11043.25,11101.5,759141,0
2022-10-10,11067.75,11136.5,10876.75,10984.5,757732,0
2022-10-11,10987.0,11039.5,10767.25,10845.0,833906,0
2022-10-12,10875.0,10976.75,10805.5,10840.5,731214,0
2022-10-13,10859.0,11142.75,10484.75,11083.75,1050244,0
2022-10-14,11064.75,11253.5,10726.75,10744.0,843525,0
2022-10-17,10720.0,11146.25,10713.0,11110.25,638720,0
2022-10-18,11161.25,11431.75,11081.5,11198.75,832215,0
2022-10-19,11320.25,11382.75,11049.0,11153.25,733776,0
2022-10-20,11134.0,11328.75,11008.0,11090.75,739672,0
2022-10-21,11061.25,11386.25,10935.5,11358.5,840952,0
2022-10-24,11393.75,11530.25,11207.75,11478.75,715016,0
2022-10-25,11453.75,11734.0,11430.25,11713.5,660210,0
2022-10-26,11510.0,11703.5,11415.0,11446.0,784638,0
2022-10-27,11417.75,11537.5,10921.5,11235.25,769071,0
2022-10-28,11122.75,11626.0,11062.0,11587.0,728261,0
2022-10-31,11592.5,11595.0,11367.25,11447.25,607680,0
2022-11-01,11455.0,11619.0,11288.75,11332.0,605362,0
2022-11-02,11320.25,11460.0,10909.0,10944.5,770983,0
2022-11-03,10938.0,10996.0,10708.0,10728.0,705050,0
2022-11-04,10712.0,10974.25,10636.0,10890.25,881129,0
2022-11-07,10786.5,11038.5,10751.0,11014.25,554692,0
2022-11-08,11016.0,11231.25,10928.75,11094.25,728868,0
2022-11-09,11089.25,11164.25,10822.25,10830.75,669071,0
2022-11-10,10841.0,11677.0,10808.0,11632.25,862147,0
2022-11-11,11669.75,11876.75,11569.25,11848.0,682257,0
2022-11-14,11791.0,11898.5,11702.0,11734.75,576678,0
2022-11-15,11768.5,12118.75,11761.75,11904.25,771822,0
2022-11-16,11882.0,11963.0,11706.5,11739.5,577864,0
2022-11-17,11777.75,11827.5,11528.25,11710.5,658469,0
2022-11-18,11747.75,11843.0,11607.0,11708.0,585873,0
2022-11-21,11723.0,11756.0,11553.0,11588.0,477970,0
2022-11-22,11588.0,11759.25,11526.5,11754.5,531087,0
2022-11-23,11741.5,11892.75,11720.0,11862.75,474645,0
2022-11-25,11878.0,11933.0,11766.25,11782.75,252366,0
2022-11-28,11731.25,11788.5,11575.25,11616.25,506250,0
2022-11-29,11625.0,11704.5,11465.0,11524.75,555859,0
2022-11-30,11520.0,12078.5,11497.75,12042.25,769082,0
2022-12-01,12079.25,12145.0,11943.25,12062.75,629297,0
2022-12-02,12039.75,12067.75,11740.5,12010.25,588295,0
2022-12-05,12000.5,12015.75,11745.5,11805.75,537924,0
2022-12-06,11812.0,11846.25,11502.0,11566.0,657271,0
2022-12-07,11566.0,11596.25,11422.5,11509.5,634691,0
2022-12-08,11500.0,11685.75,11433.0,11645.5,600826,0
2022-12-09,11641.5,11748.0,11517.0,11569.75,504052,0
2022-12-12,11553.0,11716.0,11522.75,11711.75,354886,0
2022-12-13,11691.25,12229.5,11680.5,11839.75,407612,0
2022-12-14,11839.0,11948.5,11613.75,11750.75,197122,0
2022-12-15,11758.75,11779.5,11298.25,11347.25,182838,0
2022-12-16,11340.25,11381.25,11206.5,11327.0400390625,665526,0
2022-12-19,11328.75,11411.0,11131.75,11193.25,562529,0
2022-12-20,11182.5,11247.0,11043.5,11175.75,625090,0
2022-12-21,11206.5,11389.75,11181.0,11334.5,631322,0
2022-12-22,11357.0,11384.75,10870.5,11054.25,714500,0
2022-12-23,11061.0,11143.0,10916.25,11075.25,534525,0
2022-12-27,11104.0,11183.75,10896.0,10915.5,499799,0
2022-12-28,10915.75,10996.5,10758.75,10772.75,635572,0
2022-12-29,10785.75,11071.5,10777.5,11032.75,470004,0
2022-12-30,11033.5,11051.5,10855.5,11022.25,462484,0
2023-01-03,11122.5,11182.0,10844.75,10945.5,657681,0
2023-01-04,10941.25,11068.5,10863.5,10999.25,758003,0
2023-01-05,10988.5,11046.75,10805.0,10820.25,694452,0
2023-01-06,10838.75,11165.75,10751.0,11113.5,736332,0
2023-01-09,11126.5,11385.5,11120.25,11185.5,646318,0
2023-01-10,11184.75,11288.75,11094.0,11282.0,559281,0
2023-01-11,11282.5,11479.5,11239.75,11476.5,500153,0
2023-01-12,11474.5,11579.75,11291.0,11534.25,754571,0
2023-01-13,11528.5,11619.5,11389.0,11608.0,482002,0
2023-01-17,11613.5,11685.0,11510.25,11624.5,576141,0
2023-01-18,11619.75,11759.5,11468.0,11475.75,619614,0
2023-01-19,11470.5,11487.0,11308.5,11356.5,594769,0
2023-01-20,11401.0,11686.75,11365.25,11677.0,577769,0
2023-01-23,11676.75,11983.0,11650.5,11934.0,593978,0
2023-01-24,11933.0,12010.5,11835.75,11909.5,511370,0
2023-01-25,11970.5,11976.5,11604.5,11873.25,633473,0
2023-01-26,11874.75,12113.0,11867.25,12106.75,621434,0
2023-01-27,12049.0,12308.5,12016.0,12222.25,588072,0
2023-01-30,12212.5,12252.0,11960.0,11968.0,634667,0
2023-01-31,11984.0,12156.0,11871.0,12152.0,585202,0
2023-02-01,12116.0,12524.5,12055.25,12414.25,668515,0
2023-02-02,12520.0,12949.75,12501.75,12846.75,817822,0
2023-02-03,12748.25,12878.0,12551.25,12624.0,824209,0
2023-02-06,12572.0,12608.5,12455.75,12515.5,535147,0
2023-02-07,12513.0,12818.5,12459.25,12776.75,744996,0
2023-02-08,12747.0,12808.5,12512.75,12545.25,590355,0
2023-02-09,12555.0,12728.5,12366.5,12425.5,612404,0
2023-02-10,12448.75,12451.5,12243.25,12346.25,600244,0
2023-02-13,12357.5,12567.0,12265.25,12540.5,467840,0
2023-02-14,12547.25,12687.0,12390.5,12631.0,719204,0
2023-02-15,12620.75,12756.5,12524.25,12730.0,568579,0
2023-02-16,12740.0,12792.75,12455.25,12482.5,682325,0
2023-02-17,12462.5,12466.25,12265.75,12390.0,629355,0
2023-02-21,12380.0,12417.75,12090.25,12096.75,609494,0
2023-02-22,12108.0,12190.5,12034.0,12097.5,640711,0
2023-02-23,12176.25,12261.0,12028.5,12207.5,640962,0
2023-02-24,12190.0,12214.5,11923.0,11997.0,643618,0
2023-02-27,12003.0,12189.5,11990.0,12083.25,578952,0
2023-02-28,12093.5,12172.75,12025.75,12072.25,646026,0
2023-03-01,12041.25,12141.75,11924.75,11961.75,759645,0
2023-03-02,11967.0,12096.25,11832.5,12062.0,752009,0
2023-03-03,12049.0,12329.0,12012.0,12311.25,675472,0
2023-03-06,12306.25,12486.25,12276.25,12323.5,612506,0
2023-03-07,12320.25,12381.25,12142.25,12169.0,685006,0
2023-03-08,12170.0,12254.5,12108.25,12228.25,633419,0
2023-03-09,12231.0,12353.5,11977.5,12007.25,816838,0
2023-03-10,12005.0,12109.0,11795.0,11840.25,871209,0
2023-03-13,11894.75,12095.75,11674.25,11931.75,694438,0
2023-03-14,11960.0,12223.0,11921.75,12207.0,364395,0
2023-03-15,12200.75,12280.0,11972.0,12247.75,261341,0
2023-03-16,12264.5,12600.5,12189.25,12583.0,181754,0
2023-03-17,12575.75,12636.5,12531.75,12594.650390625,734052,0
2023-03-20,12690.0,12750.0,12525.25,12688.5,694471,0
2023-03-21,12699.75,12898.25,12676.5,12867.25,565860,0
2023-03-22,12873.25,13082.0,12678.0,12707.0,713083,0
2023-03-23,12695.0,13031.0,12694.25,12854.0,838385,0
2023-03-24,12871.5,12924.75,12728.0,12890.25,676547,0
2023-03-27,12916.0,12984.5,12765.5,12788.5,562634,0
2023-03-28,12810.5,12833.5,12634.25,12732.5,537965,0
2023-03-29,12745.5,12994.0,12742.0,12965.0,566316,0
2023-03-30,12962.5,13111.75,12931.5,13082.0,583151,0
2023-03-31,13084.25,13311.5,13057.5,13301.75,624955,0
2023-04-03,13262.0,13278.75,13154.0,13270.0,542896,0
2023-04-04,13259.0,13348.75,13168.25,13219.0,577032,0
2023-04-05,13230.0,13247.25,13006.0,13079.75,594608,0
2023-04-06,13072.75,13191.0,12953.25,13170.75,41224,0
2023-04-10,13179.75,13203.25,12967.5,13158.0,553003,0
2023-04-11,13163.25,13208.75,13053.5,13074.75,549047,0
2023-04-12,13073.75,13241.75,12937.75,12952.25,684779,0
2023-04-13,12957.0,13228.0,12925.5,13209.75,558233,0
2023-04-14,13183.0,13255.0,13058.0,13181.25,627824,0
2023-04-17,13212.5,13218.0,13076.75,13186.5,540742,0
2023-04-18,13184.0,13298.75,13138.0,13193.0,576668,0
2023-04-19,13170.5,13226.75,13065.0,13183.0,529506,0
2023-04-20,13162.0,13200.0,13021.75,13074.25,680299,0
2023-04-21,13089.0,13122.0,12982.5,13090.5,593982,0
2023-04-24,13070.0,13134.0,12967.25,13056.5,582286,0
2023-04-25,13050.25,13059.5,12800.0,12809.5,694266,0
2023-04-26,12940.0,13012.25,12863.75,12887.75,755124,0
2023-04-27,12965.0,13333.0,12936.0,13231.25,728241,0
2023-04-28,13215.0,13336.0,13169.0,13320.25,671058,0
2023-05-01,13317.0,13370.25,13258.75,13306.75,487908,0
2023-05-02,13290.0,13334.75,13110.25,13184.5,664855,0
2023-05-03,13162.0,13314.0,13080.0,13100.75,648753,0
2023-05-04,13064.0,13173.0,13001.75,13043.75,656440,0
2023-05-05,13060.0,13359.0,13055.75,13317.75,573291,0
2023-05-08,13316.0,13368.0,13254.5,13352.25,506054,0
2023-05-09,13338.5,13347.0,13250.5,13264.75,552248,0
2023-05-10,13258.75,13446.75,13202.75,13409.5,839699,0
2023-05-11,13410.0,13470.25,13361.5,13446.5,653399,0
2023-05-12,13446.0,13494.25,13310.5,13396.25,628035,0
2023-05-15,13378.75,13480.0,13350.0,13468.0,495940,0
2023-05-16,13461.0,13554.5,13426.25,13483.25,561834,0
2023-05-17,13498.5,13669.0,13474.25,13643.5,621137,0
2023-05-18,13640.5,13913.0,13628.25,13894.0,749496,0
2023-05-19,13908.5,13960.25,13814.25,13858.0,659819,0
2023-05-22,13805.5,13946.75,13794.25,13902.5,538203,0
2023-05-23,13913.25,13979.25,13710.0,13728.75,658680,0
2023-05-24,13729.0,13845.75,13566.5,13650.25,704804,0
2023-05-25,13877.0,14031.25,13803.0,13976.5,819148,0
2023-05-26,13977.75,14369.0,13924.5,14332.5,729047,0
2023-05-30,14437.5,14570.0,14336.75,14396.75,882198,0
2023-05-31,14397.25,14429.0,14251.25,14300.5,680429,0
2023-06-01,14289.5,14528.25,14248.25,14472.25,622329,0
2023-06-02,14494.0,14627.75,14468.25,14575.25,623290,0
2023-06-05,14577.0,14694.75,14512.75,14588.75,619089,0
2023-06-06,14582.0,14623.75,14504.5,14586.5,572806,0
2023-06-07,14594.5,14675.0,14305.5,14331.5,770555,0
2023-06-08,14316.0,14526.75,14256.75,14503.0,631769,0
2023-06-09,14517.0,14687.5,14460.25,14556.25,581386,0
2023-06-12,14560.25,14827.0,14554.25,14800.5,397388,0
2023-06-13,14824.0,14967.75,14779.5,14914.25,347119,0
2023-06-14,14925.0,15061.5,14793.0,15012.75,204099,0
2023-06-15,15038.0,15252.0,14878.0,15188.0,139777,0
2023-06-16,15181.25,15324.0,15130.5,15316.6103515625,636907,0
2023-06-20,15303.25,15322.5,15126.5,15256.5,652883,0
2023-06-21,15247.5,15273.25,15002.25,15044.0,640702,0
2023-06-22,15038.75,15238.0,14964.0,15214.75,611017,0
2023-06-23,15236.0,15236.0,14985.25,15058.25,620593,0
2023-06-26,15057.75,15152.5,14853.5,14856.5,649993,0
2023-06-27,14875.0,15139.25,14862.25,15111.5,569198,0
2023-06-28,15088.25,15219.0,15021.25,15130.0,662146,0
2023-06-29,15161.0,15202.75,15028.5,15100.25,594134,0
2023-06-30,15106.0,15376.75,15099.0,15337.0,529455,0
2023-07-03,15331.0,15392.0,15308.0,15364.75,265064,0
2023-07-05,15357.0,15432.0,15255.25,15360.75,519857,0
2023-07-06,15353.75,15366.0,15111.5,15238.0,574681,0
2023-07-07,15211.75,15359.75,15172.25,15181.75,555119,0
2023-07-10,15198.5,15218.25,15063.25,15187.0,609953,0
2023-07-11,15195.75,15278.75,15109.5,15260.0,552637,0
2023-07-12,15258.0,15507.75,15254.5,15444.75,649433,0
2023-07-13,15457.75,15741.25,15456.5,15711.5,563935,0
2023-07-14,15699.0,15857.25,15663.0,15694.25,629943,0
2023-07-17,15690.0,15882.75,15661.5,15840.75,522129,0
2023-07-18,15832.0,16029.75,15733.0,15974.75,633272,0
2023-07-19,15949.25,16062.75,15911.25,15959.25,682279,0
2023-07-20,15922.75,15925.75,15547.0,15592.25,810475,0
2023-07-21,15590.75,15719.25,15522.25,15540.0,704413,0
2023-07-24,15556.0,15618.75,15483.75,15561.25,561877,0
2023-07-25,15570.0,15736.25,15549.25,15673.0,554880,0
2023-07-26,15730.25,15739.25,15515.0,15610.75,683826,0
2023-07-27,15638.75,15904.0,15511.25,15571.0,846437,0
2023-07-28,15580.0,15896.0,15546.25,15847.5,689386,0
2023-07-31,15850.0,15917.0,15791.25,15857.5,523896,0
2023-08-01,15869.25,15889.25,15728.25,15817.25,529660,0
2023-08-02,15757.0,15789.75,15414.0,15473.0,773499,0
2023-08-03,15455.75,15551.75,15339.5,15438.75,658841,0
2023-08-04,15441.0,15610.25,15336.5,15354.0,773229,0
2023-08-07,15370.5,15495.5,15334.25,15485.5,578299,0
2023-08-08,15495.0,15497.75,15218.0,15354.25,638813,0
2023-08-09,15351.75,15432.5,15146.5,15178.25,652732,0
2023-08-10,15202.5,15442.25,15136.0,15201.25,807104,0
2023-08-11,15219.0,15266.75,15037.25,15095.75,613959,0
2023-08-14,15104.0,15282.0,15020.75,15270.25,554628,0
2023-08-15,15279.0,15335.0,15074.75,15106.5,593602,0
2023-08-16,15110.75,15166.0,14921.5,14942.25,641607,0
2023-08-17,14940.25,15018.25,14738.25,14778.0,681399,0
2023-08-18,14748.0,14802.75,14609.25,14744.0,731241,0
2023-08-21,14762.5,15013.75,14720.5,14985.75,641685,0
2023-08-22,14974.5,15118.25,14932.0,14958.5,623728,0
2023-08-23,14959.75,15356.75,14957.25,15195.5,606168,0
2023-08-24,15333.0,15418.0,14817.0,14862.0,847308,0
2023-08-25,14833.0,15048.75,14751.75,14979.25,823889,0
2023-08-28,14991.0,15126.5,14973.5,15092.5,586342,0
2023-08-29,15098.75,15430.5,15049.75,15415.75,616223,0
2023-08-30,15427.5,15522.75,15361.5,15501.25,590194,0
2023-08-31,15513.75,15606.75,15460.0,15538.5,584743,0
2023-09-01,15534.0,15661.25,15454.0,15516.25,572689,0
2023-09-05,15517.0,15586.75,15418.25,15534.5,604891,0
2023-09-06,15511.25,15533.0,15310.5,15399.5,596503,0
2023-09-07,15385.0,15395.75,15157.5,15282.25,644887,0
2023-09-08,15286.25,15390.75,15223.0,15297.5,598477,0
2023-09-11,15308.0,15497.5,15298.0,15475.75,411385,0
2023-09-12,15466.5,15480.75,15288.75,15304.75,253049,0
2023-09-13,15308.5,15424.25,15212.75,15356.25,190166,0
2023-09-14,15372.75,15517.75,15337.25,15478.0,110435,0
2023-09-15,15480.25,15524.0,15401.25,15435.2001953125,708762,0
2023-09-18,15382.25,15461.0,15330.5,15414.5,509746,0
2023-09-19,15424.25,15442.25,15248.5,15375.25,552065,0
2023-09-20,15375.25,15436.25,15127.0,15152.0,605256,0
2023-09-21,15133.25,15149.0,14841.0,14862.75,702742,0
2023-09-22,14854.5,15027.5,14836.25,14869.5,624056,0
2023-09-25,14880.25,14955.75,14782.25,14935.25,568859,0
2023-09-26,14949.0,14949.0,14666.25,14715.0,667617,0
2023-09-27,14725.25,14821.5,14586.0,14739.0,716200,0
2023-09-28,14772.5,14947.5,14658.0,14859.75,734472,0
2023-09-29,14876.5,15060.75,14811.0,14866.5,745541,0
2023-10-02,14965.0,15046.0,14826.0,14984.75,762896,0
2023-10-03,14989.5,15031.0,14651.5,14714.5,762964,0
2023-10-04,14713.75,14956.0,14589.0,14923.75,803257,0
2023-10-05,14903.0,14958.75,14716.25,14861.75,676461,0
2023-10-06,14853.75,15160.25,14660.0,15112.0,840602,0
2023-10-09,15040.25,15212.75,14949.5,15187.0,617072,0
2023-10-10,15196.5,15383.5,15171.75,15270.75,648613,0
2023-10-11,15282.25,15416.75,15253.0,15380.0,614965,0
2023-10-12,15407.5,15468.75,15216.25,15315.0,747494,0
2023-10-13,15324.0,15366.75,15062.25,15120.25,777005,0
2023-10-16,15120.0,15336.75,15083.0,15289.5,641294,0
2023-10-17,15305.75,15309.25,15050.25,15240.75,781599,0
2023-10-18,15236.5,15238.25,14979.25,15025.25,853599,0
2023-10-19,15045.0,15138.25,14839.5,14890.0,1019700,0
2023-10-20,14850.0,14887.5,14645.0,14664.0,846675,0
2023-10-23,14680.0,14853.75,14514.25,14712.0,765733,0
2023-10-24,14744.0,14948.75,14706.0,14846.5,703058,0
2023-10-25,14828.0,14855.0,14444.0,14478.25,820677,0
2023-10-26,14425.0,14459.0,14140.25,14194.0,987597,0
2023-10-27,14248.25,14407.75,14209.75,14265.25,782097,0
2023-10-30,14336.0,14476.5,14303.0,14416.5,704860,0
2023-10-31,14410.5,14503.75,14311.25,14490.25,712605,0
2023-11-01,14460.0,14762.0,14410.75,14744.5,741817,0
2023-11-02,14761.25,15017.25,14760.0,14998.0,652481,0
2023-11-03,14928.0,15228.5,14925.5,15178.75,633835,0
2023-11-06,15187.0,15257.5,15138.0,15232.5,496129,0
2023-11-07,15215.0,15412.25,15176.0,15374.25,585124,0
2023-11-08,15373.0,15417.5,15286.75,15386.5,547842,0
2023-11-09,15356.25,15453.75,15236.75,15256.0,710427,0
2023-11-10,15254.75,15612.75,15207.25,15596.25,679633,0
2023-11-13,15586.25,15601.25,15465.25,15547.0,532937,0
2023-11-14,15558.0,15918.75,15552.0,15879.75,656099,0
2023-11-15,15895.0,16049.5,15832.25,15889.25,685072,0
2023-11-16,15846.75,15906.75,15796.75,15897.5,634456,0
2023-11-17,15897.75,15940.0,15825.0,15895.75,562424,0
2023-11-20,15895.0,16116.75,15837.25,16086.5,559493,0
2023-11-21,16087.5,16122.5,15912.0,15990.25,575452,0
2023-11-22,15967.25,16173.5,15942.75,16049.25,624552,0
2023-11-23,16036.75,16086.5,16034.5,16062.5,624552,0
2023-11-24,16036.75,16086.5,15981.75,16021.0,296604,0
2023-11-27,16008.0,16089.25,15938.75,16008.75,502555,0
2023-11-28,16005.25,16071.5,15945.25,16048.0,598224,0
2023-11-29,16055.5,16208.5,16013.5,16023.75,634326,0
2023-11-30,16040.25,16098.5,15856.0,15985.5,694118,0
2023-12-01,15955.0,16050.0,15864.0,16023.75,621710,0
2023-12-04,16022.0,16026.0,15721.25,15869.0,721019,0
2023-12-05,15863.25,15961.0,15761.25,15908.75,683586,0
2023-12-06,15897.0,16037.75,15802.0,15815.25,675482,0
2023-12-07,15814.5,16066.0,15791.0,16038.75,632326,0
2023-12-08,16017.5,16118.75,15888.25,16098.25,588926,0
2023-12-11,16093.0,16248.0,16045.5,16237.0,394184,0
2023-12-12,16240.0,16389.5,16185.25,16362.75,253666,0
2023-12-13,16383.0,16593.0,16365.5,16563.75,155141,0
2023-12-14,16561.5,16674.5,16418.75,16541.5,131883,0
2023-12-15,16532.5,16612.5,16521.5,16530.23046875,668578,0
2023-12-18,16820.25,16974.0,16802.25,16939.75,463438,0
2023-12-19,16917.0,17029.5,16910.75,17023.0,496518,0
2023-12-20,17024.0,17073.5,16758.5,16766.25,654329,0
2023-12-21,16790.25,16970.25,16790.25,16956.5,639818,0
2023-12-22,16956.0,17041.5,16891.5,16980.0,486853,0
2023-12-26,16964.5,17111.25,16964.5,17083.5,292090,0
2023-12-27,17090.25,17133.0,17055.5,17113.25,424302,0
2023-12-28,17127.0,17165.25,17077.75,17090.5,357702,0
2023-12-29,17090.25,17131.0,16938.25,17023.5,470864,0
2024-01-02,17019.0,17038.5,16622.5,16720.0,652714,0
2024-01-03,16736.75,16737.25,16522.0,16538.0,677219,0
2024-01-04,16545.25,16587.25,16436.0,16445.0,559464,0
2024-01-05,16455.0,16577.25,16334.25,16460.25,627475,0
2024-01-08,16470.0,16811.25,16378.25,16803.75,549900,0
2024-01-09,16788.0,16868.5,16657.75,16830.25,605921,0
2024-01-10,16829.5,16983.0,16801.5,16945.25,550703,0
2024-01-11,16955.0,17057.0,16753.0,16966.25,756441,0
2024-01-12,16957.75,17042.5,16866.5,16969.25,593445,0
2024-01-16,16961.75,17033.75,16811.75,16966.5,816021,0
2024-01-17,16978.0,16982.0,16689.25,16869.75,722784,0
2024-01-18,16854.5,17125.75,16834.25,17110.0,852229,0
2024-01-19,17116.0,17471.25,17107.25,17438.5,758132,0
2024-01-22,17466.0,17585.0,17434.0,17458.5,637245,0
2024-01-23,17461.0,17558.25,17409.5,17531.25,508078,0
2024-01-24,17554.0,17793.5,17552.25,17621.0,721605,0
2024-01-25,17614.75,17752.0,17542.0,17634.5,710822,0
2024-01-26,17571.25,17632.0,17466.0,17527.0,631481,0
2024-01-29,17502.0,17716.25,17457.5,17706.0,568739,0
2024-01-30,17711.75,17735.75,17467.0,17588.5,554146,0
2024-01-31,17415.5,17484.0,17221.5,17242.25,816119,0
2024-02-01,17273.25,17646.75,17262.75,17436.75,705238,0
2024-02-02,17588.0,17775.5,17465.5,17732.75,761167,0
2024-02-05,17696.0,17745.5,17554.25,17700.0,621645,0
2024-02-06,17698.5,17769.0,17560.75,17660.0,623168,0
2024-02-07,17645.75,17875.5,17629.75,17841.75,613340,0
2024-02-08,17856.25,17896.5,17792.25,17868.25,471370,0
2024-02-09,17854.25,18071.0,17852.25,18039.25,499282,0
2024-02-12,18040.0,18121.5,17911.25,17965.0,538132,0
2024-02-13,17928.5,17963.25,17542.0,17676.75,858230,0
2024-02-14,17703.0,17887.0,17669.25,17881.0,688088,0
2024-02-15,17870.0,17968.25,17780.5,17912.75,657768,0
2024-02-16,17952.0,18026.0,17715.0,17744.0,744628,0
2024-02-20,17729.25,17807.5,17452.5,17607.25,889292,0
2024-02-21,17573.0,17723.0,17372.75,17536.75,731450,0
2024-02-22,17702.5,18087.0,17676.0,18047.5,759232,0
2024-02-23,18023.25,18144.75,17946.0,17991.0,659725,0
2024-02-26,17961.5,18059.5,17922.0,17977.0,526169,0
2024-02-27,17951.0,18040.25,17908.75,18021.0,567818,0
2024-02-28,18017.5,18019.75,17846.25,17915.25,553731,0
2024-02-29,17870.0,18109.5,17826.0,18082.75,680147,0
2024-03-01,18075.0,18372.75,18029.5,18338.25,639153,0
2024-03-04,18336.0,18377.75,18234.25,18262.0,569342,0
2024-03-05,18246.0,18252.0,17832.5,17930.25,803857,0
2024-03-06,17981.0,18174.25,17942.5,18044.25,806131,0
2024-03-07,18041.0,18360.0,17915.75,18316.25,758499,0
2024-03-08,18279.0,18436.5,18012.5,18046.75,1048847,0
2024-03-11,18056.0,18068.25,17890.5,17971.0,472517,0
2024-03-12,18010.5,18241.75,17930.0,18227.75,281274,0
2024-03-13,18218.0,18256.5,18033.25,18078.5,179714,0
2024-03-14,18094.25,18177.75,17915.5,18024.5,110277,0
2024-03-15,18006.0,18074.75,17831.75,17854.75,705711,0
2024-03-18,18073.5,18381.0,18062.25,18231.5,656629,0
2024-03-19,18222.0,18289.25,18053.25,18270.0,660394,0
2024-03-20,18274.0,18545.0,18227.5,18479.75,618809,0
2024-03-21,18539.75,18709.0,18526.75,18561.75,606959,0
2024-03-22,18580.5,18626.0,18492.0,18574.75,511962,0
2024-03-25,18567.0,18601.25,18414.75,18513.5,456250,0
2024-03-26,18531.25,18619.0,18439.25,18449.0,516507,0
2024-03-27,18477.5,18571.75,18378.5,18503.75,605634,0
2024-03-28,18505.0,18538.75,18447.5,18475.0,515193,0
2024-04-01,18503.0,18612.0,18414.5,18497.25,572133,0
2024-04-02,18497.25,18511.0,18201.5,18330.0,618982,0
2024-04-03,18345.0,18451.75,18232.5,18373.25,597987,0
2024-04-04,18388.5,18568.0,18055.25,18076.75,777140,0
2024-04-05,18086.25,18408.25,18051.5,18300.75,809193,0
2024-04-08,18348.25,18376.0,18237.5,18295.0,524203,0
2024-04-09,18314.75,18407.25,18160.75,18359.75,696069,0
2024-04-10,18381.0,18474.25,18053.5,18196.75,880504,0
2024-04-11,18184.0,18518.75,18088.0,18485.0,728802,0
2024-04-12,18486.25,18507.75,18120.25,18179.25,787334,0
2024-04-15,18151.0,18350.75,17841.5,17876.25,797316,0
2024-04-16,17879.0,17988.0,17792.0,17881.25,766364,0
2024-04-17,17897.0,17968.5,17615.25,17658.5,844749,0
2024-04-18,17669.75,17770.75,17506.25,17547.25,756158,0
2024-04-19,17530.75,17553.25,17113.25,17180.75,1023135,0
2024-04-22,17228.25,17448.0,17148.5,17350.0,646130,0
2024-04-23,17352.25,17666.0,17286.25,17606.75,601826,0
2024-04-24,17682.0,17795.5,17481.75,17664.5,667402,0
2024-04-25,17450.0,17827.5,17308.25,17567.5,820011,0
2024-04-26,17808.25,17901.5,17668.25,17845.75,628227,0
2024-04-29,17864.75,17949.0,17791.25,17904.25,528891,0
2024-04-30,17918.5,17920.25,17473.5,17571.25,677704,0
2024-05-01,17462.5,17793.25,17399.25,17438.25,791170,0
2024-05-02,17487.0,17755.25,17386.25,17649.75,635300,0
2024-05-03,17744.25,18050.25,17719.5,18000.75,556949,0
2024-05-06,18047.5,18201.25,17983.75,18195.5,395489,0
2024-05-07,18189.5,18266.25,18151.0,18199.5,469722,0
2024-05-08,18194.0,18242.25,18072.5,18186.5,453714,0
2024-05-09,18160.75,18240.25,18103.75,18214.5,471196,0
2024-05-10,18226.0,18348.0,18188.5,18255.0,473881,0
2024-05-13,18238.0,18336.25,18228.75,18295.5,411036,0
2024-05-14,18282.0,18433.0,18165.5,18415.0,555369,0
2024-05-15,18409.75,18707.0,18393.0,18691.75,605869,0
2024-05-16,18693.25,18760.75,18633.25,18650.0,548582,0
2024-05-17,18642.0,18686.75,18545.0,18635.25,489227,0
2024-05-20,18633.5,18794.5,18633.0,18763.0,470381,0
2024-05-21,18746.0,18808.75,18678.0,18799.25,426117,0
2024-05-22,18798.25,18891.0,18684.25,18786.75,578439,0
2024-05-23,18860.5,19023.25,18621.5,18696.25,851576,0
2024-05-24,18684.0,18926.0,18680.0,18876.0,552083,0
2024-05-28,18874.75,18980.5,18819.5,18940.5,642954,0
2024-05-29,18949.5,18949.75,18740.0,18802.75,573938,0
2024-05-30,18753.0,18787.0,18546.25,18606.5,619548,0
2024-05-31,18590.75,18668.25,18241.25,18591.0,834003,0
2024-06-03,18590.25,18755.5,18435.75,18646.25,669104,0
2024-06-04,18662.5,18753.25,18511.25,18701.0,616703,0
2024-06-05,18711.0,19090.5,18696.25,19074.25,575227,0
2024-06-06,19089.5,19124.5,19017.25,19060.25,524900,0
2024-06-07,19064.0,19155.0,18940.0,19037.75,612033,0
2024-06-10,19025.0,19129.75,18974.25,19109.75,571666,0
2024-06-11,19107.25,19257.5,18994.5,19242.25,564706,0
2024-06-12,19248.0,19612.25,19233.5,19496.5,691079,0
2024-06-13,19602.0,19691.0,19500.0,19602.5,584725,0
2024-06-14,19602.75,19699.5,19501.5,19685.5,584288,0
2024-06-17,19695.0,20001.0,19640.5,19921.25,423232,0
2024-06-18,19918.5,19996.5,19851.75,19919.25,201834,0
2024-06-20,19930.25,20095.0,19694.25,19763.25,157046,0
2024-06-21,19781.25,19819.25,19687.5,19747.2890625,590839,0
2024-06-24,20014.75,20030.25,19728.0,19750.75,683900,0
2024-06-25,19756.0,19981.25,19726.0,19972.25,574518,0
2024-06-26,19973.0,20070.5,19901.0,20012.5,590175,0
2024-06-27,19946.0,20116.75,19874.25,20039.5,589649,0
2024-06-28,20063.25,20273.25,19906.25,19927.25,750324,0
2024-07-01,19970.0,20074.0,19811.75,20052.0,639341,0
2024-07-02,20045.75,20259.25,19910.0,20255.25,621477,0
2024-07-03,20241.0,20435.25,20205.0,20411.5,395129,0
2024-07-05,20419.25,20639.5,20361.0,20620.75,600207,0
2024-07-08,20591.5,20688.0,20579.25,20659.75,497107,0
2024-07-09,20681.0,20771.75,20615.75,20678.5,569689,0
2024-07-10,20686.0,20916.75,20684.5,20899.75,576694,0
2024-07-11,20895.5,20983.75,20377.25,20441.75,906128,0
2024-07-12,20432.75,20741.0,20335.0,20524.0,724343,0
2024-07-15,20580.0,20797.0,20506.25,20583.75,703410,0
2024-07-16,20628.0,20684.5,20464.5,20598.0,629745,0
2024-07-17,20591.0,20597.75,19965.75,19997.5,854323,0
2024-07-18,20024.25,20162.5,19758.75,19899.25,964287,0
2024-07-19,19955.0,19979.75,19654.0,19713.0,774109,0
2024-07-22,19749.0,20044.75,19718.75,20001.0,657854,0
2024-07-23,19982.0,20084.75,19868.25,19925.0,601990,0
2024-07-24,19883.0,19883.0,19168.75,19203.25,846812,0
2024-07-25,19260.0,19390.5,18883.25,18992.25,992015,0
2024-07-26,19003.0,19297.75,18995.0,19174.5,694702,0
2024-07-29,19171.75,19377.25,19113.25,19209.25,600017,0
2024-07-30,19217.0,19319.75,18725.0,18936.25,745002,0
2024-07-31,18865.75,19648.0,18861.75,19505.25,762246,0
2024-08-01,19593.25,19717.0,18854.0,19023.25,920616,0
2024-08-02,18956.5,18979.75,18385.75,18556.25,842228,0
2024-08-05,18390.0,18390.0,17351.0,18013.25,937137,0
2024-08-06,18165.75,18483.25,17966.0,18179.0,697089,0
2024-08-07,18033.0,18558.5,17836.25,17966.5,725244,0
2024-08-08,17873.0,18593.5,17741.75,18525.25,663957,0
2024-08-09,18550.25,18674.5,18383.0,18616.0,501761,0
2024-08-12,18590.0,18765.25,18515.0,18639.5,469892,0
2024-08-13,18648.25,19122.5,18628.5,19104.25,497670,0
2024-08-14,19099.25,19203.5,18925.5,19115.0,553997,0
2024-08-15,19142.5,19603.25,19100.5,19581.25,522322,0
2024-08-16,19570.25,19683.0,19447.5,19605.75,458933,0
2024-08-19,19629.0,19871.75,19525.25,19857.75,429305,0
2024-08-20,19857.75,19931.0,19743.0,19809.5,485435,0
2024-08-21,19803.0,19981.75,19771.5,19909.5,479077,0
2024-08-22,19921.25,20025.25,19542.0,19578.25,630179,0
2024-08-23,19621.5,19904.25,19591.75,19790.75,581201,0
2024-08-26,19787.75,19846.25,19505.5,19591.25,473540,0
2024-08-27,19558.75,19694.25,19441.5,19653.75,441146,0
2024-08-28,19635.5,19691.0,19227.25,19415.75,537278,0
2024-08-29,19217.0,19693.5,19140.25,19393.25,669705,0
2024-08-30,19445.75,19632.75,19370.5,19623.0,495609,0
2024-09-03,19599.0,19683.0,18911.0,19006.5,698442,0
2024-09-04,18993.75,19114.75,18825.75,18962.5,582116,0
2024-09-05,18965.75,19150.5,18827.25,18963.5,585125,0
2024-09-06,18921.0,18972.25,18339.75,18458.25,726350,0
2024-09-09,18400.0,18734.5,18386.0,18692.25,726350,0
2024-09-10,18727.0,18878.5,18582.25,18864.0,536220,0
2024-09-11,18837.75,19293.5,18547.0,19271.0,729344,0
2024-09-12,19241.5,19483.5,19185.0,19447.25,581032,0
2024-09-13,19419.5,19577.25,19398.25,19530.25,467948,0
2024-09-16,19498.0,19546.5,19299.25,19433.0,339781,0
2024-09-17,19426.5,19615.5,19341.0,19439.25,254059,0
2024-09-18,19451.0,19660.0,19331.0,19349.25,138848,0
2024-09-19,19420.5,19966.25,19408.75,19850.25,134917,0
2024-09-20,19831.25,19838.25,19746.5,19808.009765625,479646,0
2024-09-23,20040.0,20164.0,19955.25,20080.0,394947,0
2024-09-24,20063.25,20214.75,19953.0,20167.75,457126,0
2024-09-25,20183.75,20271.0,20064.25,20192.0,405050,0
2024-09-26,20242.0,20538.0,20188.0,20346.25,509755,0
2024-09-27,20345.0,20395.75,20173.0,20221.5,435634,0
2024-09-30,20198.5,20287.0,20056.0,20261.25,510434,0
2024-10-01,20234.25,20331.75,19818.0,19975.0,662776,0
2024-10-02,19975.25,20090.25,19833.5,20009.75,475599,0
2024-10-03,20055.5,20113.75,19852.0,19990.25,526765,0
2024-10-04,19965.5,20263.75,19941.5,20227.25,560070,0
2024-10-07,20220.0,20267.25,19948.0,19992.75,450371,0
2024-10-08,20025.75,20329.5,19902.5,20298.5,444750,0
2024-10-09,20294.25,20482.75,20196.0,20463.5,421249,0
2024-10-10,20445.25,20508.25,20301.5,20429.75,450569,0
2024-10-11,20435.0,20494.25,20314.75,20450.0,385312,0
2024-10-14,20432.5,20680.0,20383.25,20619.25,395756,0
2024-10-15,20638.75,20659.25,20254.0,20342.0,522391,0
2024-10-16,20334.5,20398.5,20206.25,20349.5,417571,0
2024-10-17,20328.0,20594.75,20276.75,20368.0,535486,0
2024-10-18,20384.0,20529.75,20320.75,20483.5,385566,0
2024-10-21,20496.25,20554.5,20343.75,20519.5,456078,0
2024-10-22,20536.5,20602.25,20360.25,20542.0,476324,0
2024-10-23,20521.0,20542.5,20079.0,20220.5,619162,0
2024-10-24,20294.25,20428.5,20261.75,20380.25,462552,0
2024-10-25,20388.5,20707.25,20364.0,20498.75,585929,0
2024-10-28,20525.5,20676.5,20486.0,20497.0,430120,0
2024-10-29,20513.0,20760.25,20432.25,20696.5,498020,0
2024-10-30,20734.0,20788.5,20472.5,20534.75,519409,0
2024-10-31,20482.0,20495.75,20008.5,20021.75,686677,0
2024-11-01,20071.0,20288.0,20017.0,20153.25,554025,0
2024-11-04,20138.0,20248.5,20013.0,20086.0,520521,0
2024-11-05,20130.75,20385.5,20041.75,20341.75,450115,0
2024-11-06,20360.5,20935.25,20323.5,20894.0,632408,0
2024-11-07,20923.5,21253.0,20861.5,21224.75,462805,0
2024-11-08,21224.25,21265.0,21121.75,21231.25,401943,0
2024-11-11,21249.75,21340.75,21098.25,21217.75,456006,0
2024-11-12,21221.0,21251.75,21054.75,21189.5,511372,0
2024-11-13,21178.0,21268.5,21056.5,21159.5,533739,0
2024-11-14,21167.0,21190.25,20950.5,21011.75,561950,0
2024-11-15,20977.5,20981.5,20405.25,20493.75,691851,0
2024-11-18,20504.0,20724.25,20476.0,20633.5,525474,0
2024-11-19,20633.25,20792.5,20382.5,20767.75,553617,0
2024-11-20,20762.25,20843.25,20477.0,20749.0,619493,0
2024-11-21,20738.0,20905.75,20514.25,20829.5,698342,0
2024-11-22,20794.0,20880.0,20693.25,20849.75,541554,0
2024-11-25,20935.0,21081.0,20780.25,20880.25,544568,0
2024-11-26,20906.25,21024.75,20755.0,20993.5,505254,0
2024-11-27,20990.75,21019.0,20675.0,20813.0,520026,0
2024-11-29,20813.0,21017.5,20805.5,20993.5,339955,0
2024-12-02,20995.25,21259.75,20940.0,21218.0,475464,0
2024-12-03,21220.0,21329.0,21134.25,21281.5,444143,0
2024-12-04,21323.0,21548.5,21305.75,21536.5,461922,0
2024-12-05,21513.25,21567.25,21437.5,21473.25,421035,0
2024-12-06,21450.0,21669.25,21424.75,21656.75,459878,0
2024-12-09,21649.0,21706.25,21436.0,21483.75,517123,0
2024-12-10,21479.25,21606.75,21352.75,21405.25,544406,0
2024-12-11,21436.0,21820.0,21405.75,21793.5,547213,0
2024-12-12,21756.75,21772.5,21604.25,21651.25,510307,0
2024-12-13,21720.75,21908.0,21666.5,21795.75,639403,0
2024-12-16,21780.25,22152.5,21762.0,22110.25,482433,0
2024-12-17,22115.0,22124.5,21942.25,22014.75,277298,0
2024-12-18,22010.0,22083.75,21034.25,21218.75,209588,0
2024-12-19,21218.5,21424.25,21080.0,21112.75,124728,0
2024-12-20,21151.5,21151.5,20745.0,20947.98046875,864714,0
2024-12-23,21566.0,21776.75,21476.75,21753.25,508598,0
2024-12-24,21743.25,22049.75,21709.0,22028.5,261201,0
2024-12-26,22049.5,22111.25,21870.25,22008.0,407116,0
2024-12-27,21990.75,22008.0,21498.75,21698.5,572604,0
2024-12-30,21711.0,21742.75,21253.0,21416.25,530975,0
2024-12-31,21390.25,21524.75,21182.0,21226.5,477280,0
2025-01-02,21269.0,21490.5,20983.75,21167.5,664742,0
2025-01-03,21186.75,21559.25,21144.0,21516.5,488243,0
2025-01-06,21532.25,21896.75,21478.25,21744.5,574300,0
2025-01-07,21781.25,21806.0,21279.5,21359.75,645144,0
2025-01-08,21380.75,21448.25,21166.25,21360.75,637114,0
2025-01-09,21334.75,21347.25,21218.0,21301.5,77170,0
2025-01-10,21302.75,21372.5,20874.75,21016.0,703964,0
2025-01-13,21027.5,21037.0,20694.0,20947.25,617059,0
2025-01-14,21020.0,21143.75,20773.5,20919.5,676188,0
2025-01-15,20977.0,21452.75,20909.0,21400.25,551806,0
2025-01-16,21389.0,21567.25,21172.25,21249.75,598631,0
2025-01-17,21227.5,21682.5,21209.25,21594.75,594110,0
2025-01-21,21600.0,21783.5,21377.75,21709.5,662316,0
2025-01-22,21809.25,22093.5,21768.25,22000.5,508606,0
2025-01-23,21981.75,22050.5,21855.5,22038.25,476286,0
2025-01-24,22018.5,22078.25,21844.0,21911.25,522901,0
2025-01-27,21771.0,21771.0,20763.75,21258.5,1056136,0
2025-01-28,21343.25,21626.0,21159.5,21581.75,663336,0
2025-01-29,21559.0,21697.0,21367.0,21523.25,629631,0
2025-01-30,21547.75,21748.75,21419.5,21624.75,618073,0
2025-01-31,21680.0,21966.0,21533.75,21589.25,655811,0
2025-02-03,21200.0,21579.75,20943.0,21405.0,728140,0
2025-02-04,21592.0,21694.0,21242.5,21670.25,497143,0
2025-02-05,21562.0,21795.0,21429.75,21763.0,497655,0
2025-02-06,21764.5,21882.25,21705.75,21871.75,438729,0
2025-02-07,21817.75,21968.0,21552.75,21590.75,598869,0
2025-02-10,21463.25,21894.0,21418.0,21846.5,391625,0
2025-02-11,21832.0,21871.5,21669.5,21786.75,423200,0
2025-02-12,21794.25,21862.5,21510.75,21804.75,545408,0
2025-02-13,21861.25,22124.0,21753.0,22113.25,536739,0
2025-02-14,22071.0,22225.0,22042.5,22196.25,433212,0
2025-02-18,22235.75,22319.75,22102.75,22232.25,567203,0
2025-02-19,22224.5,22299.75,22118.0,22250.5,496442,0
2025-02-20,22213.0,22235.5,21951.0,22141.75,563585,0
2025-02-21,22136.0,22245.5,21652.75,21679.25,708349,0
2025-02-24,21700.75,21813.0,21407.5,21420.25,670634,0
2025-02-25,21442.5,21453.75,20990.0,21149.0,805678,0
2025-02-26,21230.5,21409.25,21055.0,21187.0,646236,0
2025-02-27,21249.0,21386.5,20583.25,20605.75,854180,0
2025-02-28,20649.5,20944.25,20460.5,20919.5,845890,0
2025-03-03,21005.25,21121.0,20316.75,20468.25,833041,0
2025-03-04,20527.0,20732.5,20075.25,20399.0,958071,0
2025-03-05,20555.0,20725.0,20215.0,20665.0,783638,0
2025-03-06,20605.25,20647.5,20003.0,20089.25,763150,0
2025-03-07,20214.5,20286.25,19765.5,20229.75,763257,0
2025-03-10,20147.0,20156.5,19272.25,19452.75,798366,0
2025-03-11,19440.0,19686.75,19139.25,19399.0,857876,0
2025-03-12,19412.75,19788.75,19387.0,19618.5,702688,0
2025-03-13,19572.0,19694.0,19170.0,19249.0,761160,0
2025-03-14,19312.75,19742.5,19296.75,19712.0,742663,0
2025-03-17,19668.25,19959.25,19550.5,19831.75,584953,0
2025-03-18,19821.0,19858.0,19397.75,19496.75,360195,0
2025-03-19,19496.75,19935.0,19455.5,19746.75,210518,0
2025-03-20,19746.75,19898.75,19530.25,19678.5,116159,0
2025-03-21,19690.75,19728.75,19408.0,19450.810546875,605235,0
2025-03-24,20050.5,20409.5,20050.5,20374.25,555043,0
2025-03-25,20353.0,20524.75,20293.0,20488.5,470886,0
2025-03-26,20511.5,20536.75,20045.0,20116.5,620685,0
2025-03-27,20046.0,20199.5,19937.25,19990.25,634738,0
2025-03-28,19995.25,20011.75,19357.5,19457.0,696397,0
2025-03-31,19319.75,19489.75,18976.75,19439.5,842547,0
2025-04-01,19411.25,19644.0,19261.25,19604.5,790964,0
2025-04-02,19600.5,20044.25,19076.75,19758.0,835319,0
2025-04-03,19020.0,19177.0,18614.0,18675.5,893793,0
2025-04-04,18660.0,18713.0,17387.5,17539.0,1199851,0
2025-04-07,17100.0,18361.5,16460.0,17563.25,1140389,0
2025-04-08,17665.0,18357.25,16973.5,17243.75,956641,0
2025-04-09,17220.25,19386.75,16735.0,19288.75,1086917,0
2025-04-10,19266.75,19383.5,17919.0,18484.5,975104,0
2025-04-11,18464.75,18873.5,18067.0,18807.5,667630,0
2025-04-14,19225.0,19256.0,18737.5,18934.75,570510,0
2025-04-15,18902.5,19144.75,18809.0,18960.25,525790,0
2025-04-16,18790.0,18861.25,18116.25,18385.25,683175,0
2025-04-17,18391.25,18652.75,18261.5,18380.75,629368,0
2025-04-21,18306.25,18383.5,17700.0,17922.25,484750,0
2025-04-22,17914.0,18514.0,17863.75,18385.0,619146,0
2025-04-23,18646.0,19165.5,18623.75,18804.0,733977,0
2025-04-24,18826.5,19418.0,18594.75,19322.0,599457,0
2025-04-25,19405.0,19589.0,19216.25,19535.25,587589,0
2025-04-28,19524.5,19623.0,19257.25,19528.0,514474,0
2025-04-29,19478.25,19688.5,19378.0,19642.0,565539,0
2025-04-30,19599.75,19880.0,19103.75,19658.5,713642,0
2025-05-01,19834.0,20125.75,19757.25,19870.75,588901,0
2025-05-02,19782.5,20276.75,19749.5,20195.25,517806,0
2025-05-05,20181.5,20201.75,19966.0,20055.5,418875,0
2025-05-06,20014.25,20036.75,19739.0,19876.5,514526,0
2025-05-07,19809.0,20133.75,19678.75,19961.0,597360,0
2025-05-08,19934.5,20337.25,19910.75,20148.0,567597,0
2025-05-09,20157.0,20288.75,20058.0,20136.75,453686,0
2025-05-12,20398.5,20996.0,20376.75,20948.75,638564,0
2025-05-13,20954.75,21346.5,20818.0,21278.0,526706,0
2025-05-14,21250.0,21419.5,21238.25,21392.5,513593,0
2025-05-15,21379.75,21529.75,21192.0,21400.25,542990,0
2025-05-16,21396.0,21512.0,21320.25,21506.0,419242,0
2025-05-19,21310.75,21544.5,21112.5,21527.0,520282,0
2025-05-20,21513.0,21562.25,21298.0,21447.25,437865,0
2025-05-21,21414.75,21558.5,21072.75,21156.75,605668,0
2025-05-22,21145.0,21337.5,21040.0,21178.25,512634,0
2025-05-23,21223.75,21236.0,20727.0,20975.0,528055,0
2025-05-27,20978.0,21488.5,20954.25,21460.5,531358,0
2025-05-28,21480.0,21567.5,21321.25,21379.75,421653,0
2025-05-29,21513.0,21858.75,21301.0,21408.5,563888,0
2025-05-30,21371.25,21433.5,21071.5,21376.75,551092,0
2025-06-02,21303.75,21576.25,21163.0,21534.5,434593,0
2025-06-03,21555.0,21759.75,21399.25,21706.0,427859,0
2025-06-04,21688.25,21803.0,21641.0,21766.5,403012,0
2025-06-05,21744.75,21935.0,21503.5,21582.25,0,0
2025-06-06,21471.0,21873.5,21471.0,21789.5,466591,0
2025-06-09,21799.25,21890.75,21716.0,21821.5,354827,0
2025-06-10,21824.0,21992.25,21732.0,21962.5,439539,0
2025-06-11,21945.75,22106.0,21790.75,21887.5,523556,0
2025-06-12,21871.0,21977.25,21713.25,21932.5,397839,0
2025-06-13,21909.0,21915.75,21471.0,21644.25,556189,0
2025-06-16,21554.0,21999.5,21501.75,21941.5,336301,0
2025-06-17,21950.0,21952.0,21685.0,21730.5,173026,0
2025-06-18,21705.0,21872.5,21640.5,21720.25,0,0
2025-06-20,21731.0,21896.5,21435.5,21889.890625,649884,0
2025-06-23,21648.25,22093.0,21566.75,22073.5,549766,0
2025-06-24,22079.0,22448.25,22065.75,22412.75,447975,0
2025-06-25,22412.0,22548.25,22384.5,22461.0,397611,0
2025-06-26,22461.25,22694.0,22437.75,22669.25,422397,0
2025-06-27,22676.25,22825.5,22600.0,22751.5,487835,0
2025-06-30,22751.5,22934.75,22751.5,22893.25,434250,0
2025-07-01,22867.5,22914.75,22594.5,22692.75,495079,0
2025-07-02,22694.5,22858.75,22582.0,22843.0,408882,0
2025-07-03,22845.0,23102.5,22827.0,23062.5,0,0
2025-07-04,23059.25,23062.5,22882.0,22906.75,0,0
2025-07-07,22970.0,23028.5,22779.75,22884.75,537930,0
2025-07-08,22837.75,22972.75,22808.5,22896.75,420913,0
2025-07-09,22906.5,23112.0,22843.5,23052.75,450523,0
2025-07-10,23041.0,23090.0,22901.25,23013.25,391782,0
2025-07-11,23011.75,23048.75,22831.5,22959.0,461057,0
2025-07-14,22860.75,23066.5,22803.0,23035.5,414465,0
2025-07-15,23034.25,23222.75,22996.0,23056.75,524056,0
2025-07-16,23018.75,23100.0,22835.5,23076.5,548602,0
2025-07-17,23065.5,23279.75,23017.0,23251.0,445290,0
2025-07-18,23261.25,23320.75,23169.5,23224.25,450704,0
2025-07-21,23232.5,23424.75,23203.75,23342.0,398833,0
2025-07-22,23339.5,23367.0,23108.0,23226.25,537829,0
2025-07-23,23191.25,23418.0,23146.75,23310.75,512963,0
2025-07-24,23402.25,23424.5,23298.25,23377.5,435559,0
2025-07-25,23391.5,23476.0,23330.75,23421.25,395469,0
2025-07-28,23520.0,23585.25,23436.75,23491.25,424393,0
2025-07-29,23504.25,23652.5,23421.25,23452.0,538169,0
2025-07-30,23452.0,23689.0,23356.5,23480.5,538732,0
2025-07-31,23705.0,23845.0,23290.5,23365.0,739642,0
2025-08-01,23308.5,23347.5,22775.0,22883.75,803558,0
2025-08-04,22850.0,23352.5,22821.75,23296.5,472671,0
2025-08-05,23354.0,23404.25,23084.5,23132.0,542676,0
2025-08-06,23091.75,23445.25,23045.5,23422.75,527514,0
2025-08-07,23418.5,23671.0,23329.0,23496.25,561716,0
2025-08-08,23518.25,23767.75,23503.0,23713.75,454190,0
2025-08-11,23764.0,23804.5,23587.5,23637.5,443981,0
2025-08-12,23635.0,23953.5,23596.0,23938.0,488577,0
2025-08-13,23945.0,24068.5,23886.0,23946.5,453506,0
2025-08-14,23927.75,24007.75,23793.25,23930.5,492051,0
2025-08-15,23888.75,23963.0,23734.5,23804.0,441888,0
2025-08-18,23795.0,23881.75,23719.0,23797.75,399622,0
2025-08-19,23800.75,23838.0,23426.0,23469.5,557582,0
2025-08-20,23461.0,23485.5,23035.0,23324.0,713574,0
2025-08-21,23323.0,23369.25,23119.0,23219.75,525924,0
2025-08-22,23225.25,23650.0,23076.75,23569.75,490867,0
2025-08-25,23602.0,23616.25,23443.25,23498.25,399485,0
2025-08-26,23505.75,23611.0,23371.5,23591.5,443746,0
2025-08-27,23604.0,23689.0,23434.75,23628.75,436560,0
2025-08-28,23542.25,23803.75,23487.5,23769.0,486265,0
2025-08-29,23760.5,23762.0,23397.5,23461.75,0,0
2025-09-02,23479.0,23552.5,23025.25,23275.0,744115,0
2025-09-03,23382.0,23525.25,23298.25,23448.75,563651,0
2025-09-04,23456.75,23708.75,23410.0,23668.0,484986,0
2025-09-05,23700.0,23902.0,23505.0,23684.0,674088,0
2025-09-08,23673.5,23888.0,23650.25,23799.75,457632,0
2025-09-09,23799.0,23921.25,23726.0,23874.0,473187,0
2025-09-10,23898.5,24044.25,23785.0,23877.75,521709,0
2025-09-11,23853.75,24046.0,23838.0,24017.75,445071,0
2025-09-12,24028.25,24159.0,23969.0,24113.25,425565,0
2025-09-15,24115.25,24315.5,24076.0,24309.25,366064,0
2025-09-16,24290.0,24403.5,24258.25,24284.0,211077,0
2025-09-17,24290.0,24312.5,24003.75,24222.5,171533,0
2025-09-18,24250.25,24569.5,24248.5,24460.25,106669,0
2025-09-19,24468.25,24575.0,24412.5,24568.0703125,505600,0
2025-09-22,24850.0,25027.25,24748.75,25003.0,481197,0
2025-09-23,24995.0,25026.0,24780.5,24827.25,564182,0
2025-09-24,24839.5,24913.5,24627.0,24739.25,530441,0
2025-09-25,24746.0,24793.5,24422.5,24629.25,710112,0
2025-09-26,24642.5,24747.5,24520.0,24726.75,548790,0
2025-09-29,24726.5,24975.5,24721.75,24837.75,508361,0
2025-09-30,24817.75,24913.75,24722.25,24901.75,513254,0
2025-10-01,24843.0,25036.75,24633.25,25017.5,474674,0
2025-10-02,25009.25,25180.0,24993.75,25110.0,460294,0
2025-10-03,25101.5,25196.5,24923.25,24992.0,490721,0
2025-10-06,25000.0,25252.75,24995.0,25184.75,414908,0
2025-10-07,25184.5,25275.0,24984.75,25039.25,539431,0
2025-10-08,25059.75,25364.75,25026.25,25331.0,451309,0
2025-10-09,25351.5,25394.0,25160.75,25289.25,500933,0
2025-10-10,25287.75,25388.0,24158.5,24397.0,934374,0
2025-10-13,24542.0,24965.0,24542.0,24922.25,934374,0
2025-10-14,24913.75,25044.25,24421.0,24762.5,729059,0
2025-10-15,24754.0,25115.0,24663.25,24924.5,637036,0
2025-10-16,24937.0,25179.5,24643.5,24831.25,738759,0
2025-10-17,24793.75,25055.75,24410.0,24986.5,743681,0
2025-10-20,25065.75,25354.5,24955.75,25305.25,437206,0
2025-10-21,25326.75,25368.0,25203.25,25294.75,441490,0
2025-10-22,25283.75,25338.25,24804.75,25039.25,695128,0
2025-10-23,25012.25,25296.0,24937.0,25254.0,527352,0
2025-10-24,25283.25,25570.75,25276.0,25509.25,467727,0
2025-10-27,25723.5,26013.5,25700.0,25963.75,435230,0
2025-10-28,26002.5,26231.5,25943.0,26163.5,452121,0
2025-10-29,26179.75,26379.75,26049.25,26262.5,557797,0
2025-10-30,26154.5,26399.0,25853.0,25882.75,665782,0
2025-10-31,26150.5,26274.0,25888.75,26004.0,597984,0
2025-11-03,26028.25,26266.0,26012.75,26103.25,0,0
2025-11-04,26104.5,26104.5,25522.75,25575.25,669483,0
2025-11-05,25545.0,25880.0,25282.0,25746.25,618171,0
2025-11-06,25738.5,25822.25,25197.75,25244.25,754444,0
2025-11-07,25314.75,25354.75,24709.25,25166.25,765092,0
2025-11-10,25320.75,25760.5,25269.0,25714.5,626203,0
2025-11-11,25722.25,25768.75,25478.5,25640.75,537967,0
2025-11-12,25668.0,25830.0,25488.75,25623.75,606259,0
2025-11-13,25624.0,25721.5,25002.5,25094.75,775125,0
2025-11-14,25095.25,25293.25,24626.0,25094.0,862322,0
2025-11-17,25142.25,25361.25,24731.75,24879.0,738978,0
2025-11-18,24905.5,24959.5,24376.25,24595.75,871074,0
2025-11-19,24551.0,24988.0,24445.0,24721.75,770449,0
2025-11-20,24966.75,25310.0,24073.25,24131.5,995836,0
2025-11-21,24110.0,24596.25,23904.5,24305.5,918728,0
2025-11-24,24455.75,24993.5,24361.75,24948.25,604148,0
2025-11-25,24966.25,25135.25,24602.0,25085.5,629575,0
2025-11-26,25071.25,25376.0,25061.25,25302.25,522196,0
2025-11-28,25313.0,25499.75,25285.75,25482.0,199445,0
2025-12-01,25482.5,25546.0,25193.25,25391.25,574734,0
2025-12-02,25411.5,25670.0,25324.75,25606.0,561951,0
2025-12-03,25611.0,25685.25,25421.5,25657.5,494194,0
2025-12-04,25650.25,25732.5,25488.75,25622.75,509526,0
2025-12-05,25629.75,25868.0,25579.75,25732.0,498264,0
2025-12-08,25750.0,25860.75,25564.75,25664.0,473150,0
2025-12-09,25713.0,25735.75,25560.0,25699.75,407387,0
2025-12-10,25680.0,25870.75,25528.75,25798.0,556710,0
2025-12-11,25769.5,25861.5,25383.0,25713.5,637723,0
2025-12-12,25701.0,25733.25,25118.0,25213.5,760749,0
2025-12-15,25223.5,25410.0,25033.25,25093.25,448073,0
2025-12-16,25101.25,25202.5,24828.0,25139.0,247876,0
2025-12-17,25091.75,25266.0,24654.5,24668.75,139991,0
2025-12-18,24744.0,25178.0,24675.5,25028.25,111598,0
2025-12-19,25002.5,25160.0,24977.5,25132.7890625,502611,0
2025-12-22,25635.25,25794.75,25628.0,25692.25,367322,0
2025-12-23,25701.0,25822.5,25608.25,25812.25,336346,0
2025-12-24,25815.75,25892.0,25777.5,25880.5,163037,0
2025-12-26,25868.0,25935.25,25834.25,25863.25,240485,0
2025-12-29,25863.25,25893.75,25648.0,25739.75,347055,0
2025-12-30,25740.0,25793.75,25668.25,25675.25,300558,0
2025-12-31,25683.25,25716.75,25429.0,25456.75,329352,0
2026-01-02,25478.5,25803.75,25265.25,25385.25,554838,0
2026-01-05,25431.75,25708.0,25406.5,25577.75,461305,0
2026-01-06,25583.0,25837.75,25527.5,25822.0,445573,0
2026-01-07,25831.25,25996.25,25727.0,25838.75,477861,0
2026-01-08,25838.75,25849.75,25569.0,25687.5,510805,0
2026-01-09,25725.0,25985.5,25615.5,25938.25,509669,0
2026-01-12,25949.0,26020.5,25632.75,25956.75,452996,0
2026-01-13,25953.5,26045.5,25803.25,25906.0,560438,0
2026-01-14,25900.75,25925.75,25420.75,25631.0,647871,0
2026-01-15,25593.0,25952.75,25562.5,25705.75,591058,0
2026-01-16,25720.5,25891.0,25591.5,25689.0,490573,0
2026-01-20,25471.0,25472.0,25095.25,25129.25,864568,0
2026-01-21,25149.5,25653.5,25025.0,25471.0,810753,0
2026-01-22,25529.5,25739.75,25483.75,25658.25,533607,0
2026-01-23,25605.0,25845.75,25540.25,25738.25,504901,0
2026-01-26,25585.5,25936.5,25365.25,25848.5,450290,0
2026-01-27,25861.25,26118.0,25838.5,26073.0,429460,0
2026-01-28,26111.25,26349.0,25993.25,26156.25,511937,0
2026-01-29,26282.5,26296.0,25536.0,25999.25,699097,0
2026-01-30,25998.5,26020.0,25568.75,25670.0,712197,0
2026-02-02,25530.0,25949.5,25180.25,25850.0,578865,0
2026-02-03,25876.5,26027.75,25219.0,25452.0,696150,0
2026-02-04,25387.5,25514.25,24783.5,24999.25,742646,0
2026-02-05,25061.75,25169.0,24407.25,24651.0,774469,0
2026-02-06,24416.0,25222.0,24239.75,25163.25,653956,0
2026-02-09,25153.75,25428.75,24955.5,25354.0,492306,0
2026-02-10,25363.0,25447.25,25198.25,25218.25,477554,0
2026-02-11,25259.0,25465.25,25058.25,25288.5,531730,0
2026-02-12,25289.0,25419.75,24721.5,24768.0,668338,0
2026-02-13,24842.25,24995.5,24578.75,24803.25,688226,0
2026-02-17,24789.75,24922.25,24449.25,24767.75,752646,0
2026-02-18,24773.75,25128.25,24700.75,24956.0,540796,0
2026-02-19,24943.5,25054.0,24749.0,24858.75,515038,0
2026-02-20,24837.75,25139.5,24678.5,25067.5,615358,0
2026-02-23,25033.75,25059.75,24668.0,24762.75,594568,0
2026-02-24,24788.0,25078.75,24694.5,25028.75,520239,0
2026-02-25,25016.25,25494.75,24992.0,25382.0,417621,0
2026-02-26,25388.25,25418.25,24861.75,25081.0,605581,0
2026-02-27,25024.25,25098.75,24782.0,25004.75,561211,0
2026-03-02,24682.5,25101.0,24477.0,25025.25,627650,0
2026-03-03,25002.75,25011.0,24352.0,24755.75,719421,0
2026-03-04,24710.75,25217.75,24499.0,25128.25,603596,0
2026-03-05,25156.5,25250.0,24772.5,25049.5,683962,0
2026-03-06,25019.75,25141.5,24601.0,24670.25,645082,0
2026-03-09,24435.25,25058.0,24000.0,24991.0,708630,0
2026-03-10,24981.5,25217.5,24830.0,24982.5,564644,0
2026-03-11,25010.25,25180.0,24873.5,24983.5,476593,0
2026-03-12,24934.5,24949.25,24517.75,24560.0,565145,0
2026-03-13,24567.0,24805.25,24333.75,24394.25,609146,0
2026-03-16,24285.0,24816.25,24278.0,24675.75,413547,0
2026-03-17,24668.75,24896.0,24517.0,24795.5,204810,0
2026-03-18,24796.0,24989.0,24350.0,24434.5,126918,0
2026-03-19,24399.75,24505.25,24115.0,24364.0,69553,0
2026-03-20,24417.25,24444.0,24108.75,24291.779296875,69553,0
2026-03-23,23902.0,24763.0,23772.5,24451.25,480531,0
